,kind,etag,id,snippet.videoId,snippet.topLevelComment.kind,snippet.topLevelComment.etag,snippet.topLevelComment.id,snippet.topLevelComment.snippet.videoId,snippet.topLevelComment.snippet.textDisplay,snippet.topLevelComment.snippet.textOriginal,snippet.topLevelComment.snippet.authorDisplayName,snippet.topLevelComment.snippet.authorProfileImageUrl,snippet.topLevelComment.snippet.authorChannelUrl,snippet.topLevelComment.snippet.authorChannelId.value,snippet.topLevelComment.snippet.canRate,snippet.topLevelComment.snippet.viewerRating,snippet.topLevelComment.snippet.likeCount,snippet.topLevelComment.snippet.publishedAt,snippet.topLevelComment.snippet.updatedAt,snippet.canReply,snippet.totalReplyCount,snippet.isPublic
0,youtube#commentThread,03VuidbRRj3TvNtY173Za1-F2ck,UgxwT9_eqZPrGJWmaHR4AaABAg,fAhDCLQAfmQ,youtube#comment,btF_ef6eDODyxVoUuwt3L7XXrdw,UgxwT9_eqZPrGJWmaHR4AaABAg,fAhDCLQAfmQ,"–í—Å–µ —Ü–µ –±—É–ª–æ –± –¥—É–∂–µ —Å–º—ñ—à–Ω–æ ,    —è–∫–±–∏ –Ω–µ –±—É–ª–æ –± —Ç–∞–∫ —Å—É–º–Ω–æ!  –Ü —Å—Ç—Ä–∞—à–Ω–æ....","–í—Å–µ —Ü–µ –±—É–ª–æ –± –¥—É–∂–µ —Å–º—ñ—à–Ω–æ ,    —è–∫–±–∏ –Ω–µ –±—É–ª–æ –± —Ç–∞–∫ —Å—É–º–Ω–æ!  –Ü —Å—Ç—Ä–∞—à–Ω–æ....",Okul Olga,https://yt3.ggpht.com/ytc/AMLnZu9vu4xgJICDGUP8w2sA6u6Ga1IM2fk0uCMcnA=s48-c-k-c0x00ffffff-no-rj,http://www.youtube.com/channel/UCcs_XePzZz5wnfJCTfdFlgA,UCcs_XePzZz5wnfJCTfdFlgA,True,none,0,2022-10-03T05:46:31Z,2022-10-03T05:47:09Z,True,0,True
1,youtube#commentThread,e_a0yFtaYO19f1RyK6SgZ2U_gpk,UgzFhSCmZaXMPd_JlVV4AaABAg,fAhDCLQAfmQ,youtube#comment,lfRXP4pbXxGbh5EvgyEYc_2ok7Q,UgzFhSCmZaXMPd_JlVV4AaABAg,fAhDCLQAfmQ,"–ü–æ–≤–Ω—ñ—Å—Ç—é –ø—ñ–¥—Ç—Ä–∏–º—É—é  –≤–µ–¥—É—á—É,–≤—ñ–¥–Ω–æ—Å–Ω–æ —Ç–∏—Ç—É–ª—ñ–≤ ,,–∑–∞—Å–ª—É–∂–µ–Ω–∏—Ö. ..  —Ç–∞ ,,–Ω–∞—Ä–æ–¥–Ω–∏—Ö,,,–¶—ñ –ø–æ–Ω—è—Ç—Ç—è –ø–æ–≤–∏–Ω–Ω—ñ –±—É—Ç–∏ –≤—ñ–¥–º—ñ–Ω–µ–Ω—ñ –≤ –£–∫—Ä–∞—ó–Ω—ñ!","–ü–æ–≤–Ω—ñ—Å—Ç—é –ø—ñ–¥—Ç—Ä–∏–º—É—é  –≤–µ–¥—É—á—É,–≤—ñ–¥–Ω–æ—Å–Ω–æ —Ç–∏—Ç—É–ª—ñ–≤ ,,–∑–∞—Å–ª—É–∂–µ–Ω–∏—Ö. ..  —Ç–∞ ,,–Ω–∞—Ä–æ–¥–Ω–∏—Ö,,,–¶—ñ –ø–æ–Ω—è—Ç—Ç—è –ø–æ–≤–∏–Ω–Ω—ñ –±—É—Ç–∏ –≤—ñ–¥–º—ñ–Ω–µ–Ω—ñ –≤ –£–∫—Ä–∞—ó–Ω—ñ!",Okul Olga,https://yt3.ggpht.com/ytc/AMLnZu9vu4xgJICDGUP8w2sA6u6Ga1IM2fk0uCMcnA=s48-c-k-c0x00ffffff-no-rj,http://www.youtube.com/channel/UCcs_XePzZz5wnfJCTfdFlgA,UCcs_XePzZz5wnfJCTfdFlgA,True,none,0,2022-10-03T05:40:49Z,2022-10-03T05:40:49Z,True,0,True
2,youtube#commentThread,uMZ8gGVKCJQGZ-XlWMoLIg_GdUA,Ugz6sa6qnC8Ri44o5VF4AaABAg,fAhDCLQAfmQ,youtube#comment,TyXWzWeJtQiEMMnkuXhdZLsUKjk,Ugz6sa6qnC8Ri44o5VF4AaABAg,fAhDCLQAfmQ,–ß—É–¥–æ–≤–µ –≤—ñ–¥–µ–æ)))),–ß—É–¥–æ–≤–µ –≤—ñ–¥–µ–æ)))),–†–æ–º–∞–Ω Shmuel,https://yt3.ggpht.com/ytc/AMLnZu9f0N3m01YlX00UfWsRy5ycFF7SUGwcPETFig=s48-c-k-c0x00ffffff-no-rj,http://www.youtube.com/channel/UCuesZ5ezvLQOzEBhx93uzYg,UCuesZ5ezvLQOzEBhx93uzYg,True,none,1,2022-10-02T18:50:48Z,2022-10-02T18:50:48Z,True,0,True
3,youtube#commentThread,V80tLh4yaFML0NzyfMFdPC8Kz5A,UgwgoaBtcJjZYDwgJL94AaABAg,fAhDCLQAfmQ,youtube#comment,RG2XQmO2mp1BA8OjCTitM9It8G8,UgwgoaBtcJjZYDwgJL94AaABAg,fAhDCLQAfmQ,"–ë–æ–∂–µ, —è–∫–µ —â–∞—Å—Ç—è, —â–æ —è –Ω—ñ–∫–æ–ª–∏ –¥–æ —Ü—å–æ–≥–æ —á–∞—Å—É –Ω–µ –±–∞—á–∏–ª–∞ –Ω—ñ –Ñ–≤–∏ –ë—Ä–∞—É–Ω –Ω—ñ –ü–µ—Ç–ª—ñ–Ω. –ü–µ—Ç–ª—ñ–Ω - —Ç–æ –Ω–∞—á–µ —Ä–µ—Ç—Ä–æ-–ø–æ—Ä–Ω–æ.","–ë–æ–∂–µ, —è–∫–µ —â–∞—Å—Ç—è, —â–æ —è –Ω—ñ–∫–æ–ª–∏ –¥–æ —Ü—å–æ–≥–æ —á–∞—Å—É –Ω–µ –±–∞—á–∏–ª–∞ –Ω—ñ –Ñ–≤–∏ –ë—Ä–∞—É–Ω –Ω—ñ –ü–µ—Ç–ª—ñ–Ω. –ü–µ—Ç–ª—ñ–Ω - —Ç–æ –Ω–∞—á–µ —Ä–µ—Ç—Ä–æ-–ø–æ—Ä–Ω–æ.",i s,https://yt3.ggpht.com/ytc/AMLnZu_uRee_UCRCfNZmABR2ZW1rpFRxnMiIUHUz=s48-c-k-c0x00ffffff-no-rj,http://www.youtube.com/channel/UC6WTFUroUVh_PO8KHcFRpmg,UC6WTFUroUVh_PO8KHcFRpmg,True,none,0,2022-10-02T15:54:02Z,2022-10-02T15:54:02Z,True,0,True
4,youtube#commentThread,h1SwjMCB9dsugJPtordMbgyIBHY,Ugy4e9aub5GGWl71LfV4AaABAg,fAhDCLQAfmQ,youtube#comment,zsUV2X5J5bMvn9iXuxiJ7mTahNU,Ugy4e9aub5GGWl71LfV4AaABAg,fAhDCLQAfmQ,–¢—ã —á—É–ø–∞–∫–∞–±—Ä–∞ –Ω–∞ —Ö–µ—Ä–∞ –≤—Å–µ—Ö –æ–±—Å–∏—Ä–∞–µ—à—å,–¢—ã —á—É–ø–∞–∫–∞–±—Ä–∞ –Ω–∞ —Ö–µ—Ä–∞ –≤—Å–µ—Ö –æ–±—Å–∏—Ä–∞–µ—à—å,–ò—Ä–∏–Ω–∞ –û—Å—Ç–∞–ø–æ–≤–∞,https://yt3.ggpht.com/GbYiS7k7v5p6ZAnMg-o8dyBL11cxqnaksGOmNyA3LGWHLabJTReNaPWfZrb5qxg6wh6amTX34Xs=s48-c-k-c0x00ffffff-no-rj,http://www.youtube.com/channel/UCtkFT5pWQUdqUkg1po8d0Rg,UCtkFT5pWQUdqUkg1po8d0Rg,True,none,0,2022-09-30T13:50:49Z,2022-09-30T13:50:49Z,True,0,True
5,youtube#commentThread,EJX6s8qxiileej1ivGumCqCFREA,UgztxiOqKpqunmaTUo14AaABAg,fAhDCLQAfmQ,youtube#comment,M8xK-Ar6CZhfeTyhTGjT8iktLJE,UgztxiOqKpqunmaTUo14AaABAg,fAhDCLQAfmQ,–¥—è–∫—É—é!,–¥—è–∫—É—é!,–ù–∞—Ç–∞–ª—ñ—è –ì–∞–≥–∞–Ω,https://yt3.ggpht.com/ytc/AMLnZu-RLUW37dZl41KJlOPKH2NXYq4Hwjp2H-n77g=s48-c-k-c0x00ffffff-no-rj,http://www.youtube.com/channel/UCBMyw1fVu__R-SEuDX7PS-g,UCBMyw1fVu__R-SEuDX7PS-g,True,none,0,2022-09-29T08:58:59Z,2022-09-29T08:58:59Z,True,0,True
6,youtube#commentThread,JsT2HUxNMn9hmRMKXWWNI825hwY,UgyGMxfk14pY1Gk5Ztx4AaABAg,fAhDCLQAfmQ,youtube#comment,s7FaSsKRcX2Ddv6qfCINQTvm8iU,UgyGMxfk14pY1Gk5Ztx4AaABAg,fAhDCLQAfmQ,"–¢–∞–Ω—è, —Ç–∏ –¥—É–∂–µ —Ä–æ–±–∏—à –∫—Ä—É—Ç—É —Ä–æ–±–æ—Ç—É","–¢–∞–Ω—è, —Ç–∏ –¥—É–∂–µ —Ä–æ–±–∏—à –∫—Ä—É—Ç—É —Ä–æ–±–æ—Ç—É",–Ü—Ä–∏–Ω–∞ –ö—É–ª—ñ–±–∞–±–∞,https://yt3.ggpht.com/ytc/AMLnZu_Ku3Jg01n95-lJ3s_KclU3CcNWfOI0hInzZA=s48-c-k-c0x00ffffff-no-rj,http://www.youtube.com/channel/UCbimTX7Lqv5BIQ2YNMIgs7A,UCbimTX7Lqv5BIQ2YNMIgs7A,True,none,0,2022-09-28T10:00:39Z,2022-09-28T10:00:39Z,True,0,True
7,youtube#commentThread,fnbZk6Sh4_dLluyqHwpgfmA-IXU,UgyHow88OhFmaIWXm7B4AaABAg,fAhDCLQAfmQ,youtube#comment,aOkA_tNIyCb_aCX64G9m0VWM8Ok,UgyHow88OhFmaIWXm7B4AaABAg,fAhDCLQAfmQ,–í–∑–∞–≥–∞–ª—ñ –Ω–µ –ø–æ–º&#39;—è—Ç–∞—é —Ü—ñ –ø—ñ—Å–Ω—ñ –∑ –£–∫—Ä–∞—ó–Ω–∞ =–Æ–ª—è.,–í–∑–∞–≥–∞–ª—ñ –Ω–µ –ø–æ–º'—è—Ç–∞—é —Ü—ñ –ø—ñ—Å–Ω—ñ –∑ –£–∫—Ä–∞—ó–Ω–∞ =–Æ–ª—è.,Nataliya Umanskaya,https://yt3.ggpht.com/ytc/AMLnZu-1KwSuTfe1nbBP4-FjbkkkEMbqcaPJETUO-PJKCQ=s48-c-k-c0x00ffffff-no-rj,http://www.youtube.com/channel/UCSP95qMYfM1uxt6C40Yd9uQ,UCSP95qMYfM1uxt6C40Yd9uQ,True,none,0,2022-09-25T17:15:21Z,2022-09-25T17:15:21Z,True,0,True
8,youtube#commentThread,PoQc9S4vuMvrp-iMwXhm1So3Z-g,Ugz1yRXp0kD5jgMWS4p4AaABAg,fAhDCLQAfmQ,youtube#comment,qRPOVykww_suA2SQwL1WHSMR360,Ugz1yRXp0kD5jgMWS4p4AaABAg,fAhDCLQAfmQ,üéâüéâüéâ —Ä–∞–¥–∞ –Ω–æ–≤–∏–º –≤–∏–ø—É—Å–∫–∞–º,üéâüéâüéâ —Ä–∞–¥–∞ –Ω–æ–≤–∏–º –≤–∏–ø—É—Å–∫–∞–º,O —Ç–µ—Ç—è –ú–æ—Ç—è,https://yt3.ggpht.com/ytc/AMLnZu-JU0AtVVhFBi1GtgIkdJpUNZzu8yUkt6JzHA=s48-c-k-c0x00ffffff-no-rj,http://www.youtube.com/channel/UCCco0TiQmVDqEteinCoJSLQ,UCCco0TiQmVDqEteinCoJSLQ,True,none,0,2022-09-24T12:22:17Z,2022-09-24T12:22:17Z,True,0,True
9,youtube#commentThread,kR4eaW2-cY1Zj_3gHONhTpS3owo,UgxP4vRf8liyggkH26B4AaABAg,fAhDCLQAfmQ,youtube#comment,IdBF2eZDNb28Kl9jPr5GDUp_Cgo,UgxP4vRf8liyggkH26B4AaABAg,fAhDCLQAfmQ,"–¶–µ –∞–ø–æ–∫–∞–ª—ñ–ø—Ç–∏—á–Ω–æ... –ò —Å–æ—Ä–æ–º–Ω–æ. –í–æ–Ω–æ —ñ —Ç–æ–¥—ñ –≤–∏–≥–ª—è–¥–∞–ª–æ –≥–∏–¥–æ—Ç–Ω–æ, –∞ –∑ —Å—å–æ–≥–æ–¥–µ–Ω–Ω—è... –î—è–∫—É—é. –ù–∞—Ç—Ö–Ω–µ–Ω–Ω—è –≤–∞–º","–¶–µ –∞–ø–æ–∫–∞–ª—ñ–ø—Ç–∏—á–Ω–æ... –ò —Å–æ—Ä–æ–º–Ω–æ. –í–æ–Ω–æ —ñ —Ç–æ–¥—ñ –≤–∏–≥–ª—è–¥–∞–ª–æ –≥–∏–¥–æ—Ç–Ω–æ, –∞ –∑ —Å—å–æ–≥–æ–¥–µ–Ω–Ω—è... –î—è–∫—É—é. –ù–∞—Ç—Ö–Ω–µ–Ω–Ω—è –≤–∞–º",Oksana Polischuk,https://yt3.ggpht.com/ytc/AMLnZu8vWWeYiWC3at_EW3Ne13txAdeeGtkXr1kDH12fiQ=s48-c-k-c0x00ffffff-no-rj,http://www.youtube.com/channel/UCIUbQUW-8NCorlUXrjG-jYw,UCIUbQUW-8NCorlUXrjG-jYw,True,none,0,2022-09-21T10:41:43Z,2022-09-21T10:41:43Z,True,0,True
10,youtube#commentThread,GpJR1Qx1KNPB_jPmivnU2rwC40I,Ugw5MDTCwHlFHqf4z9l4AaABAg,fAhDCLQAfmQ,youtube#comment,e7-7_6Kt5VA9-dfp96bQZ0bY1MA,Ugw5MDTCwHlFHqf4z9l4AaABAg,fAhDCLQAfmQ,"&quot;–Æ–ª—è –∫–æ—Å—É –Ω–æ—Å–∏—Ç—å, —Å–µ—Ä—Ü—é —Å–∏–ª–∏ –¥–æ—Å–∏—Ç—å...&quot; - —è –ø—ñ–¥ —Ü—é –ø—ñ—Å–Ω—é –≤–∏—Ö–æ–¥–∏–ª–∞ –Ω–∞ —Å–≤–æ—î–º—É –≤–∏–ø—É—Å–∫–Ω–æ–º—É (2014 —Ä, –õ—É–≥–∞–Ω—â–∏–Ω–∞ üòé), –∞–ª–µ –Ω–µ –∑–Ω–∞–ª–∞, –∫–æ–º—É –ø—Ä–∏—Å–≤—è—á–µ–Ω–∞ —Ü—è –ø—ñ—Å–Ω—è ü§£","""–Æ–ª—è –∫–æ—Å—É –Ω–æ—Å–∏—Ç—å, —Å–µ—Ä—Ü—é —Å–∏–ª–∏ –¥–æ—Å–∏—Ç—å..."" - —è –ø—ñ–¥ —Ü—é –ø—ñ—Å–Ω—é –≤–∏—Ö–æ–¥–∏–ª–∞ –Ω–∞ —Å–≤–æ—î–º—É –≤–∏–ø—É—Å–∫–Ω–æ–º—É (2014 —Ä, –õ—É–≥–∞–Ω—â–∏–Ω–∞ üòé), –∞–ª–µ –Ω–µ –∑–Ω–∞–ª–∞, –∫–æ–º—É –ø—Ä–∏—Å–≤—è—á–µ–Ω–∞ —Ü—è –ø—ñ—Å–Ω—è ü§£",juliya_scorpions,https://yt3.ggpht.com/fodGIPXtGLnN4vSADKckHVL0oVozmRv_0deLuyrpo4qNuX555P7S8iKYVBIGe4Mkt2RKJc4WMEI=s48-c-k-c0x00ffffff-no-rj,http://www.youtube.com/channel/UC9rKwxEa1WiFtQM0Ctdac9A,UC9rKwxEa1WiFtQM0Ctdac9A,True,none,0,2022-09-21T08:30:25Z,2022-09-21T08:30:25Z,True,0,True
11,youtube#commentThread,wa8wGfBjkpmOprcumZCtVogAukg,UgzjX0Na1Df_QdJxIsF4AaABAg,fAhDCLQAfmQ,youtube#comment,0U-QT0ph3htA26nLEuvnxdTyEoI,UgzjX0Na1Df_QdJxIsF4AaABAg,fAhDCLQAfmQ,üçâüíôüíõ,üçâüíôüíõ,–ö–∞–≤—É–Ω üçâ,https://yt3.ggpht.com/l2K3h1XZKLkz_SyeAm4Drb2BNmxkkMEislrDzQD3EtyNcxWh5ccxtzAXdf286imrDh1lAn04sg=s48-c-k-c0x00ffffff-no-rj,http://www.youtube.com/channel/UCaitSqAg6yZs6DkNBzpJISw,UCaitSqAg6yZs6DkNBzpJISw,True,none,0,2022-09-20T07:47:17Z,2022-09-20T07:47:17Z,True,0,True
12,youtube#commentThread,9CzTvuj19aKzYZXRXCRZFSbMYXA,UgxNT5Ka6JorStC0v2x4AaABAg,fAhDCLQAfmQ,youtube#comment,EepBLwsVTdEJD1bKqyreJ90XToc,UgxNT5Ka6JorStC0v2x4AaABAg,fAhDCLQAfmQ,"–≤ 2013 —Ä–æ—Ü—ñ –º–µ–Ω—ñ –±—É–ª–æ 17. –∞–ª–µ —è –ø—Ä—è–º–æ –≤—ñ–¥—á—É–ª–∞ —Ç–æ–π —Ö–∞–æ—Å, —â–æ —Ç–≤–æ—Ä–∏–≤—Å—è –≤ –Ω–∞—Å –Ω–∞ —Ç–≤ –ø–µ—Ä–µ–¥ –Ω–æ–≤–∏–º —Ä–æ–∫–æ–ºü§¶‚Äç‚ôÄ","–≤ 2013 —Ä–æ—Ü—ñ –º–µ–Ω—ñ –±—É–ª–æ 17. –∞–ª–µ —è –ø—Ä—è–º–æ –≤—ñ–¥—á—É–ª–∞ —Ç–æ–π —Ö–∞–æ—Å, —â–æ —Ç–≤–æ—Ä–∏–≤—Å—è –≤ –Ω–∞—Å –Ω–∞ —Ç–≤ –ø–µ—Ä–µ–¥ –Ω–æ–≤–∏–º —Ä–æ–∫–æ–ºü§¶‚Äç‚ôÄ",Nata Kalantay,https://yt3.ggpht.com/ytc/AMLnZu-cy-BSmkiKCyWEGa8zQonEmRoYwDXXi7i7tmKviw=s48-c-k-c0x00ffffff-no-rj,http://www.youtube.com/channel/UCPjf27hD0QdgFOwtTtnd6kQ,UCPjf27hD0QdgFOwtTtnd6kQ,True,none,0,2022-09-17T18:58:07Z,2022-09-17T18:58:07Z,True,0,True
13,youtube#commentThread,NGd1QCAlsmlvAtWZUSiztrZSd94,Ugw7HrojQc0W1VddltN4AaABAg,fAhDCLQAfmQ,youtube#comment,KhBZzBgPpT1XTaQEJInmc0yM_e8,Ugw7HrojQc0W1VddltN4AaABAg,fAhDCLQAfmQ,"–ü—Ä–∏–≥–∞–¥—É—é –≤—Å—ñ —Ç—ñ —Ä–æ–∫–∏ –Ω–µ—Å–º–∞–∫—É —ñ –æ–≥–∏–¥–Ω–æ–≥–æ –≥–ª–∞–º—É—Ä—É –ø–æ –¢–ë. –¢–æ –±—É–ª–∏ —Ä–æ–∫–∏ –º–æ—î—ó —Å–µ—Ä–µ–¥–Ω—å–æ—ó —à–∫–æ–ª–∏, –∫–æ–ª–∏ —è —á–∞—Å—Ç–æ –∑–∞–ª–∏–ø–∞–ª–∞ –Ω–∞ –º1 —ñ –¥–∏–≤–∏–ª–∞—Å—è –≤—Å—é –æ—Ç—É –≥–∏–¥–æ—Ç—É. –î–∏—Ç—è—á–∏–º–∏ –º—ñ–∑–∫–∞–º–∏ —Ü–µ –Ω–µ –∑–¥–∞–≤–∞–ª–æ—Å—è —Ç–∞–∫ –∂–∞—Ö–ª–∏–≤–æ —è–∫ –∑–∞—Ä–∞–∑. –ö–æ–ª–∏ –ø–µ—Ä–µ–¥–∏–≤–ª—è–µ—à—Å—è –≤–µ—Å—å —Ç–æ–π —à–ª–∞–∫ –≤—ñ–¥—á—É–≤–∞—é –≤—ñ–¥—Ä–∞–∑—É —ñ —Å—É–º –∑–∞ —Ç–µ —â–æ –∑ –Ω–∞—Å —Ä–æ–±–∏–ª–∏ —ñ–¥—ñ–æ—Ç—ñ–≤. –ü–æ—Ä—ñ–≤–Ω—è–Ω—è–Ω–æ –∑ 90-–º–∏ - –Ω—ñ–±–∏ –¥–≤–∞ —Ä—ñ–∑–Ω—ñ —Å–≤—ñ—Ç–∏. 90-—Ç—ñ –≤—ñ–¥–∑–Ω–∞—á–∏–ª–∏—Å—å  –≤—ñ–¥—Ä–æ–¥–∂–µ–Ω–Ω—è—è–º —É–∫—Ä–∞—ó–Ω—Å—å–∫–æ—ó –∫—É–ª—å—Ç—É—Ä–∏ —Ç–∞ –º–æ–≤–∏, –º—É–∑–∏–∫—É –∑ —Ç–æ–≥–æ —á–∞—Å—É –ø—Ä–∏—î–º–Ω–æ –ø–µ—Ä–µ—Å–ª—É—Ö–æ–≤—É–≤–∞—Ç–∏. 2000-—á–Ω—ñ - –ø—Ä–æ—Å—Ç–æ –¥–µ—à–µ–≤–∞ –∑—Ä–æ—Å—ñ–π—â–µ–Ω–∞ –±–∞–≥–Ω—é–∫–∞. –ê–ª–µ —Ü–µ –≤–∞—Ä—Ç–æ —Ç–æ–≥–æ —â–æ–± —Ü–µ —Ä–æ–∑–±–∏—Ä–∞—Ç–∏ —ñ –Ω–µ –¥–æ–ø—É—Å–∫–∞—Ç–∏ –ø–æ–¥—ñ–±–Ω–µ —Å–º—ñ—Ç—Ç—è —É –º–∞—Å–æ–≤–∏–π –≤–∂–∏—Ç–æ–∫ –Ω–∞–∑–∏–≤–∞—é—á–∏ —Ü–µ &quot;–º—É–∑–∏–∫–æ—é&quot;. –î—è–∫—É—é –∑–∞ –≤–∞—à—É –ø—Ä–∞—Ü—é))","–ü—Ä–∏–≥–∞–¥—É—é –≤—Å—ñ —Ç—ñ —Ä–æ–∫–∏ –Ω–µ—Å–º–∞–∫—É —ñ –æ–≥–∏–¥–Ω–æ–≥–æ –≥–ª–∞–º—É—Ä—É –ø–æ –¢–ë. –¢–æ –±—É–ª–∏ —Ä–æ–∫–∏ –º–æ—î—ó —Å–µ—Ä–µ–¥–Ω—å–æ—ó —à–∫–æ–ª–∏, –∫–æ–ª–∏ —è —á–∞—Å—Ç–æ –∑–∞–ª–∏–ø–∞–ª–∞ –Ω–∞ –º1 —ñ –¥–∏–≤–∏–ª–∞—Å—è –≤—Å—é –æ—Ç—É –≥–∏–¥–æ—Ç—É. –î–∏—Ç—è—á–∏–º–∏ –º—ñ–∑–∫–∞–º–∏ —Ü–µ –Ω–µ –∑–¥–∞–≤–∞–ª–æ—Å—è —Ç–∞–∫ –∂–∞—Ö–ª–∏–≤–æ —è–∫ –∑–∞—Ä–∞–∑. –ö–æ–ª–∏ –ø–µ—Ä–µ–¥–∏–≤–ª—è–µ—à—Å—è –≤–µ—Å—å —Ç–æ–π —à–ª–∞–∫ –≤—ñ–¥—á—É–≤–∞—é –≤—ñ–¥—Ä–∞–∑—É —ñ —Å—É–º –∑–∞ —Ç–µ —â–æ –∑ –Ω–∞—Å —Ä–æ–±–∏–ª–∏ —ñ–¥—ñ–æ—Ç—ñ–≤. –ü–æ—Ä—ñ–≤–Ω—è–Ω—è–Ω–æ –∑ 90-–º–∏ - –Ω—ñ–±–∏ –¥–≤–∞ —Ä—ñ–∑–Ω—ñ —Å–≤—ñ—Ç–∏. 90-—Ç—ñ –≤—ñ–¥–∑–Ω–∞—á–∏–ª–∏—Å—å  –≤—ñ–¥—Ä–æ–¥–∂–µ–Ω–Ω—è—è–º —É–∫—Ä–∞—ó–Ω—Å—å–∫–æ—ó –∫—É–ª—å—Ç—É—Ä–∏ —Ç–∞ –º–æ–≤–∏, –º—É–∑–∏–∫—É –∑ —Ç–æ–≥–æ —á–∞—Å—É –ø—Ä–∏—î–º–Ω–æ –ø–µ—Ä–µ—Å–ª—É—Ö–æ–≤—É–≤–∞—Ç–∏. 2000-—á–Ω—ñ - –ø—Ä–æ—Å—Ç–æ –¥–µ—à–µ–≤–∞ –∑—Ä–æ—Å—ñ–π—â–µ–Ω–∞ –±–∞–≥–Ω—é–∫–∞. –ê–ª–µ —Ü–µ –≤–∞—Ä—Ç–æ —Ç–æ–≥–æ —â–æ–± —Ü–µ —Ä–æ–∑–±–∏—Ä–∞—Ç–∏ —ñ –Ω–µ –¥–æ–ø—É—Å–∫–∞—Ç–∏ –ø–æ–¥—ñ–±–Ω–µ —Å–º—ñ—Ç—Ç—è —É –º–∞—Å–æ–≤–∏–π –≤–∂–∏—Ç–æ–∫ –Ω–∞–∑–∏–≤–∞—é—á–∏ —Ü–µ ""–º—É–∑–∏–∫–æ—é"". –î—è–∫—É—é –∑–∞ –≤–∞—à—É –ø—Ä–∞—Ü—é))",–î–∞–Ω–∞,https://yt3.ggpht.com/ytc/AMLnZu_v_BZmeFnyDruPUOoHX895yYf5iUii6s_E4XnQQw=s48-c-k-c0x00ffffff-no-rj,http://www.youtube.com/channel/UCLkGlqHGjacIR401UGXTLHQ,UCLkGlqHGjacIR401UGXTLHQ,True,none,1,2022-09-16T18:37:26Z,2022-09-16T18:37:26Z,True,0,True
14,youtube#commentThread,M3kYPwvFtrgEq-uvxu8dWCfFph4,Ugy_D4N6qGEi6bp9BqJ4AaABAg,fAhDCLQAfmQ,youtube#comment,xQDrB4ESv0m2es4_oiys3OYoo3g,Ugy_D4N6qGEi6bp9BqJ4AaABAg,fAhDCLQAfmQ,–ó–∞–±–∞–≥–∞—Ç–æ –±–∞–±–ª–∞,–ó–∞–±–∞–≥–∞—Ç–æ –±–∞–±–ª–∞,Eugene Gluschenko,https://yt3.ggpht.com/ytc/AMLnZu8D_j-gCNwuASfhWiUOqV6OktMedJDOinxGV97o1w=s48-c-k-c0x00ffffff-no-rj,http://www.youtube.com/channel/UCJJW5afu5z69-7AgtU5rj0Q,UCJJW5afu5z69-7AgtU5rj0Q,True,none,0,2022-09-16T07:57:28Z,2022-09-16T07:57:28Z,True,0,True
15,youtube#commentThread,yYi8-Z55_iXuTfqio3qgFVYRdKQ,UgxmLKVm9K6rVkIgHPl4AaABAg,fAhDCLQAfmQ,youtube#comment,mhKj2v77g8wXJiYKCaLw-XIANVs,UgxmLKVm9K6rVkIgHPl4AaABAg,fAhDCLQAfmQ,"–ö–æ—Ä–æ—á–µ, –æ—Ü—ñ —Ä–µ–∫–ª–∞–º–∏ –ø–æ–ª—ñ—Ç–∏—á–Ω—ñ –≤ –º–µ–Ω—ñ –ø—Ä–æ–±—É–¥–∏–ª–∏ core memories. –Ø –ø–∞–º&#39;—è—Ç–∞—é —è–∫ –≤ –±–∞–±—É—Å—ñ –∑–Ω–∞–π—à–ª–∞ –∞–≥—ñ—Ç–∞—Ü—ñ–π–Ω—É –≥–∞–∑–µ—Ç—É –ü–† –Ω–∞ –∫—É–ø—ñ –≤—Å—è–∫–∏—Ö –ø–∞–ø–µ—Ä—ñ–≤ &quot;–¥–ª—è —Ä–æ–∑—Ç–æ–ø–∫–∏ –ø—ñ—á–∫–∏&quot;. –Ü –ø—Ä–æ—á–∏—Ç–∞–ª–∞ —Ç–∞–º –≤—ñ—Ä—à, —è–∫–∏–π<br>–≤&#39;—ó–≤—Å—è –≤ –ø–∞–º&#39;—è—Ç—å –º–∞–ª–æ—ó –¥–∏—Ç–∏–Ω–∏ –Ω–∞—Å—Ç—ñ–ª—å–∫–∏, —â–æ –¥–æ—Å—ñ –π–æ–≥–æ –ø–∞–º&#39;—è—Ç–∞—é.<br>–ö—Ö–º-–∫—Ö–º. –ì–æ—Ç—É–π—Ç–µ—Å—å, —Ü–µ –ø—ñ—Å–Ω—è.<br>* –°–ø—ñ–≤–∞—Ç–∏ –Ω–∞ –º–∞–Ω–µ—Ä –ø—ñ—Å–Ω—ñ –†–æ–∑–µ–Ω–±–∞—É–º–∞ &quot;–í–∞–ª—å—Å-–ë–æ—Å—Ç–æ–Ω&quot; * - —Ü–µ –ø—Ä–∏–º—ñ—Ç–∫–∞ –∑ –æ—Ä–∏–≥—ñ–Ω–∞–ª—É. <br>&quot;–ö–∞–∫ —á–∞—Å—Ç–æ –≤–∏–∂—É —è —Å–æ–Ω,<br>–¢–æ—Ç —É–¥–∏–≤–∏—Ç–µ–ª—å–Ω—ã–π —Å–æ–Ω,<br>–ì–¥–µ –í–∏—Ç—è —Å –Æ–ª–µ—é —Ç–∞–Ω—Ü—É—é—Ç –≤–∞–ª—å—Å-–±–æ—Å—Ç–æ–Ω. <br>–¢–∞–º –≤—å—ë—Ç—Å—è –ù–ê–¢–û–≤—Å–∫–∏–π —Ñ–ª–∞–≥,<br>—Ä–æ—Å—Å–∏—è —Ç–∞–º –≥–ª–∞–≤–Ω—ã–π –≤—Ä–∞–≥<br>–ò –≤—Å–µ –≥—É–ª—è—é—Ç –≤ –ø–æ–º–∞—Ä–∞–Ω—á–µ–≤—ã—Ö —à–∞—Ä—Ñ–∞—Ö...&quot;<br>–¢–µ–ø–µ—Ä –≤–∏ –∑–Ω–∞—î—Ç–µ —Ç—Ä–æ—Ö–∏ –±—ñ–ª—å—à–µ –ø—Ä–æ –º–æ—ó –ø—Å–∏—Ö—ñ—á–Ω—ñ —Ç—Ä–∞–≤–º–∏.","–ö–æ—Ä–æ—á–µ, –æ—Ü—ñ —Ä–µ–∫–ª–∞–º–∏ –ø–æ–ª—ñ—Ç–∏—á–Ω—ñ –≤ –º–µ–Ω—ñ –ø—Ä–æ–±—É–¥–∏–ª–∏ core memories. –Ø –ø–∞–º'—è—Ç–∞—é —è–∫ –≤ –±–∞–±—É—Å—ñ –∑–Ω–∞–π—à–ª–∞ –∞–≥—ñ—Ç–∞—Ü—ñ–π–Ω—É –≥–∞–∑–µ—Ç—É –ü–† –Ω–∞ –∫—É–ø—ñ –≤—Å—è–∫–∏—Ö –ø–∞–ø–µ—Ä—ñ–≤ ""–¥–ª—è —Ä–æ–∑—Ç–æ–ø–∫–∏ –ø—ñ—á–∫–∏"". –Ü –ø—Ä–æ—á–∏—Ç–∞–ª–∞ —Ç–∞–º –≤—ñ—Ä—à, —è–∫–∏–π
–≤'—ó–≤—Å—è –≤ –ø–∞–º'—è—Ç—å –º–∞–ª–æ—ó –¥–∏—Ç–∏–Ω–∏ –Ω–∞—Å—Ç—ñ–ª—å–∫–∏, —â–æ –¥–æ—Å—ñ –π–æ–≥–æ –ø–∞–º'—è—Ç–∞—é.
–ö—Ö–º-–∫—Ö–º. –ì–æ—Ç—É–π—Ç–µ—Å—å, —Ü–µ –ø—ñ—Å–Ω—è.
* –°–ø—ñ–≤–∞—Ç–∏ –Ω–∞ –º–∞–Ω–µ—Ä –ø—ñ—Å–Ω—ñ –†–æ–∑–µ–Ω–±–∞—É–º–∞ ""–í–∞–ª—å—Å-–ë–æ—Å—Ç–æ–Ω"" * - —Ü–µ –ø—Ä–∏–º—ñ—Ç–∫–∞ –∑ –æ—Ä–∏–≥—ñ–Ω–∞–ª—É. 
""–ö–∞–∫ —á–∞—Å—Ç–æ –≤–∏–∂—É —è —Å–æ–Ω,
–¢–æ—Ç —É–¥–∏–≤–∏—Ç–µ–ª—å–Ω—ã–π —Å–æ–Ω,
–ì–¥–µ –í–∏—Ç—è —Å –Æ–ª–µ—é —Ç–∞–Ω—Ü—É—é—Ç –≤–∞–ª—å—Å-–±–æ—Å—Ç–æ–Ω. 
–¢–∞–º –≤—å—ë—Ç—Å—è –ù–ê–¢–û–≤—Å–∫–∏–π —Ñ–ª–∞–≥,
—Ä–æ—Å—Å–∏—è —Ç–∞–º –≥–ª–∞–≤–Ω—ã–π –≤—Ä–∞–≥
–ò –≤—Å–µ –≥—É–ª—è—é—Ç –≤ –ø–æ–º–∞—Ä–∞–Ω—á–µ–≤—ã—Ö —à–∞—Ä—Ñ–∞—Ö...""
–¢–µ–ø–µ—Ä –≤–∏ –∑–Ω–∞—î—Ç–µ —Ç—Ä–æ—Ö–∏ –±—ñ–ª—å—à–µ –ø—Ä–æ –º–æ—ó –ø—Å–∏—Ö—ñ—á–Ω—ñ —Ç—Ä–∞–≤–º–∏.",prosto toster,https://yt3.ggpht.com/ytc/AMLnZu9tQTkE0wwdG6iBAMZCBbATjggt0E8B5FLdsw=s48-c-k-c0x00ffffff-no-rj,http://www.youtube.com/channel/UCCKMVfOue7OCEpzb_IG0wVA,UCCKMVfOue7OCEpzb_IG0wVA,True,none,0,2022-09-15T23:21:32Z,2022-09-15T23:21:32Z,True,0,True
16,youtube#commentThread,61DcwBC_J1bOvw_sejPOGCIW0L0,Ugz9siRZb2WhavXBXZF4AaABAg,fAhDCLQAfmQ,youtube#comment,LPxoSHj1Reqa4Jjt8wbF0NufONw,Ugz9siRZb2WhavXBXZF4AaABAg,fAhDCLQAfmQ,"–î—è–∫—É—é –∑–∞ –≤–∏–ø—É—Å–∫, –≤—ñ–¥—á—É—Ç—Ç—è —è–∫ –ø–µ—Ä–µ–¥ –Ω–æ–≤–∏–º —Ä–æ–∫–æ–º –∑–≥–∞–¥—É—î—à –º–∏–Ω—É–≤—à–∏–π —Ä—ñ–∫. <br>–í—ñ—Ç–∞—é –∑ –Ω–∞—Ä–æ–¥–∂–µ–Ω–Ω—è–º —Å–∏–Ω–æ—á–∫–∞, –Ω–µ—Ö–∞–π —Ä–æ—Å—Ç–µ –∑–¥–æ—Ä–æ–≤–∏–º —Ç–∞ —â–∞—Å–ª–∏–≤–∏–ºüë∂","–î—è–∫—É—é –∑–∞ –≤–∏–ø—É—Å–∫, –≤—ñ–¥—á—É—Ç—Ç—è —è–∫ –ø–µ—Ä–µ–¥ –Ω–æ–≤–∏–º —Ä–æ–∫–æ–º –∑–≥–∞–¥—É—î—à –º–∏–Ω—É–≤—à–∏–π —Ä—ñ–∫. 
–í—ñ—Ç–∞—é –∑ –Ω–∞—Ä–æ–¥–∂–µ–Ω–Ω—è–º —Å–∏–Ω–æ—á–∫–∞, –Ω–µ—Ö–∞–π —Ä–æ—Å—Ç–µ –∑–¥–æ—Ä–æ–≤–∏–º —Ç–∞ —â–∞—Å–ª–∏–≤–∏–ºüë∂",–Ü—Ä–∏–Ω–∞ –î–µ–º—á—É–∫,https://yt3.ggpht.com/ytc/AMLnZu8kbKx1JFhBvrQPsO_AYlcLQl9OdDNAh_qcLQ=s48-c-k-c0x00ffffff-no-rj,http://www.youtube.com/channel/UCveCVl1A3XqXgg4t0NudPZQ,UCveCVl1A3XqXgg4t0NudPZQ,True,none,0,2022-09-15T16:35:23Z,2022-09-15T16:35:23Z,True,0,True
17,youtube#commentThread,zCb5PNJoAqdKoyqOOzwSLxCWG-M,Ugy_L0-kN6DWedpU1JZ4AaABAg,fAhDCLQAfmQ,youtube#comment,6qONgyFHGK86sGG6nG9An9tOAXM,Ugy_L0-kN6DWedpU1JZ4AaABAg,fAhDCLQAfmQ,"–¢—ñ–Ω—É, –Ω–µ –¥–∏–≤–ª—é—Å—å, –±–æ , –Ω–µ –ø–æ–¥–æ–±–∞—î—Ç—å—Å—è, –Ω–µ –º–æ–∂—É –∑–∞–±—É—Ç–∏ , –¢—ñ–Ω—É –Ω–∞ –¥–µ–Ω—å –ù–µ–∑–∞–ª–µ–∂–Ω–æ—Å—Ç—ñ ,–≤–æ–Ω–∞ –≤–∏–ª–∞ –Ω–∞ –∫—Ä–∏—à—ñ —ñ –æ–≥–æ–ª–µ–Ω–∞, –±—É–ª–æ –≥–∏–¥–∫–æ –¥–∏–≤–∏—Ç–∏—Å—å, —Ç–∞–∫–∞ , —Å–æ–±—ñ –≤–∏—Å–∫–æ—á–∫–∞- —Ü—ñ–ø–æ–Ω—å–∫–∞","–¢—ñ–Ω—É, –Ω–µ –¥–∏–≤–ª—é—Å—å, –±–æ , –Ω–µ –ø–æ–¥–æ–±–∞—î—Ç—å—Å—è, –Ω–µ –º–æ–∂—É –∑–∞–±—É—Ç–∏ , –¢—ñ–Ω—É –Ω–∞ –¥–µ–Ω—å –ù–µ–∑–∞–ª–µ–∂–Ω–æ—Å—Ç—ñ ,–≤–æ–Ω–∞ –≤–∏–ª–∞ –Ω–∞ –∫—Ä–∏—à—ñ —ñ –æ–≥–æ–ª–µ–Ω–∞, –±—É–ª–æ –≥–∏–¥–∫–æ –¥–∏–≤–∏—Ç–∏—Å—å, —Ç–∞–∫–∞ , —Å–æ–±—ñ –≤–∏—Å–∫–æ—á–∫–∞- —Ü—ñ–ø–æ–Ω—å–∫–∞",–ê–ª–ª–∞ –£–ª'—è–Ω—ñ—á,https://yt3.ggpht.com/ytc/AMLnZu-_XocwnqhOWC8Mlg3AhfHXo_V0r3FGv6bYylqPK9OiMdDYipx7c_JaLNgAMGuQdA=s48-c-k-c0x00ffffff-no-rj,http://www.youtube.com/channel/UChTm-nf3wD-mMExsxcW6RRA,UChTm-nf3wD-mMExsxcW6RRA,True,none,1,2022-09-15T16:00:46Z,2022-09-15T16:00:46Z,True,0,True
18,youtube#commentThread,_5yVT-7vYnrqubWoIwv6-jOfFjE,UgzVd5PWXJkMb0fxPRt4AaABAg,fAhDCLQAfmQ,youtube#comment,Y9bqzARjGmGx00rQdPTTxPU9rGM,UgzVd5PWXJkMb0fxPRt4AaABAg,fAhDCLQAfmQ,"–¢–∞–Ω—é—à–∞, —Ç–∏ —É —Ü—ñ–π —Ñ–æ—Ä–º—ñ, –î—É–∂–µ –∫—Ä–∞—Å–∏–≤–∞ —ñ –∫—Ä—É—Ç–∞üëçüëç‚ù§Ô∏è","–¢–∞–Ω—é—à–∞, —Ç–∏ —É —Ü—ñ–π —Ñ–æ—Ä–º—ñ, –î—É–∂–µ –∫—Ä–∞—Å–∏–≤–∞ —ñ –∫—Ä—É—Ç–∞üëçüëç‚ù§Ô∏è",–ê–ª–ª–∞ –£–ª'—è–Ω—ñ—á,https://yt3.ggpht.com/ytc/AMLnZu-_XocwnqhOWC8Mlg3AhfHXo_V0r3FGv6bYylqPK9OiMdDYipx7c_JaLNgAMGuQdA=s48-c-k-c0x00ffffff-no-rj,http://www.youtube.com/channel/UChTm-nf3wD-mMExsxcW6RRA,UChTm-nf3wD-mMExsxcW6RRA,True,none,0,2022-09-15T15:53:09Z,2022-09-15T15:53:09Z,True,0,True
