,videoId,textOriginal,authorDisplayName,likeCount,publishedAt
0,UgxogVOCOoD4rrBHzQt4AaABAg,ycV6bF_er3c,"–ö—É—Ä—á–∞ –≤ ""–¥–æ–º–∏–∫–µ –≤ –∫–ª–µ—Ç–æ—á–∫–µ"" —Ü–µ –∂ –∞–ª–µ–≥–æ—Ä—ñ—è –Ω–∞ —Ä—É—Å—Å–∫–æ–≥–æ –≤ —Ä–æ—Å—ñ—ó.",fantasypatten,2022-10-04T20:29:59Z
1,UgytqrwEy0a4KJMPoDp4AaABAg,ycV6bF_er3c,"–ê –≤–∏—Ö–æ–≤–∞—Ç–µ–ª—å–Ω–∏—Ü—è –ü–µ—Ç—Ä–∏–∫–∞ —Ñ–∞–π–Ω–∞ –¥—ñ–≤–∞, –Ω–∞ –ø–æ–±–∞—á–µ–Ω–Ω—è –∑ –∑–∞–ª—é–±–∫–∏ –ø—ñ—à–æ–≤ üôÇ",ZenGleR,2022-10-04T20:12:23Z
2,UgwAZXr_5HepiLwq6414AaABAg,ycV6bF_er3c,–¢–∞–Ω—è –∂–≥—å–æ—Ç! ü´∂üëè‚ò∫Ô∏èüëç,Iryna,2022-10-04T20:12:15Z
3,UgwgvYzDr0w_P4dQ0wJ4AaABAg,ycV6bF_er3c,"–®–∏–∫–∞—Ä–Ω–æ!!!
—Ä–æ—Å—ñ–π—Å—å–∫–∞ –º–æ–≤–∞
—Ü–µ –¥–µ–±—ñ–ª—å–Ω–∞ –Ω–µ–¥–æ—Ä–æ–∑–≤–∏–Ω—É—Ç–∞
–ü—Ä–æ —Ü–µ —è –¥—ñ–∑–Ω–∞–≤—Å—è
–Ω–ø—Ä–∏–∫—ñ–Ω—Ü—ñ 70- —Ö
—ñ –¥—É–∂–µ –≤–∏–ø–∞–¥–∫–æ–≤–æ,
–ø–æ—Ä—ñ–≤–Ω—é—é—á—ñ —Å–ª–æ–≤–æ—É—Ç–≤–æ—Ä–µ–Ω–Ω—è –≤
–∞–Ω–≥–ª—ñ–π—Å—å–∫—ñ–π —Ç–∞
—Ä–æ—Å—ñ–π—Å—å–∫—ñ–π –º–æ–≤–∞—Ö",aleks zub,2022-10-04T20:09:36Z
4,Ugw97VNB9N1x7Bj95Pt4AaABAg,ycV6bF_er3c,–î—è–∫—É—é –∑–∞ —á—É–¥–æ–≤–∏–π –∞–Ω–∞–ª—ñ–∑ —É–ª—é–±–ª–µ–Ω–∏—Ö –≤ –¥–∏—Ç–∏–Ω—Å—Ç–≤—ñ –º—É–ª—å—Ç–∏–∫—ñ–≤ . –î—ñ–π—Å–Ω–æ —Ä–∞–∑—é—á–∞ —Ä—ñ–∑–Ω–∏—Ü—è . –ê —è —Ä–∞–Ω—ñ—à–µ —Ü—å–æ–≥–æ –Ω–µ –ø–æ–º—ñ—á–∞–ª–∞.,Natalia,2022-10-04T20:00:16Z
5,Ugyzmvl1-_lXSJW2Rdx4AaABAg,ycV6bF_er3c,"–ö—Ä—ñ–Ω–∂. –Ø –ø–æ –ø–µ—Ä—à–µ –Ω–µ –∑–Ω–∞–ª–∞ —â–æ –ø–µ—Ä–µ–∫–ª–∞–¥ —ñ—Å–Ω—É—î, –∞ –ø–æ –¥—Ä—É–≥–µ —â–æ –≤—ñ–Ω –Ω–∞—Å—Ç—ñ–ª—å–∫–∏ –æ–≥–∏–¥–Ω–∏–π. –°–ø–∞–ø–ª—é–∂–∏–ª–∏ –æ–¥–∏–Ω —ñ–∑ —É–ª—é–±–ª–µ–Ω–∏—Ö –º—É–ª—å—Ç–∏–∫—ñ–≤ –¥–∏—Ç–∏–Ω—Å—Ç–≤–∞ —Å–≤–æ—î—é ""–∞–¥–∞–ø—Ç–∞—Ü—ñ—î—é"".",Katerina Morozova,2022-10-04T19:50:08Z
6,Ugz7k99-_hLRxpp9v8x4AaABAg,ycV6bF_er3c,"–©–æ –í–∏ –º–µ–Ω—ñ –Ω–µ –¥–æ–≤–æ–¥—å—Ç–µ, –¥–æ –ø—Ä–∏–∫–ª–∞–¥—É, –∞–ª–µ –≤–æ–≤–∫, –≤ —É–∫—Ä–∞—ó–Ω—Å—å–∫–æ–º—É –º—É–ª—å—Ç–∏–∫—É, –∑ —Ñ—Ä–∞–∑–æ—é:"" –û, —è–∫–∏–π—Å—å —É–∫—ñ—Ä—É–∫—É–∫ –ø—ñ—à–æ–≤"", –Ω–µ–ø–µ—Ä–µ–≤–µ—Ä—à–µ–Ω–∏–π —ñ –Ω–µ –ø–µ—Ä–µ–∫–ª–∞–¥–µ—Ç—å—Å—è –Ω—ñ –Ω–∞ —è–∫—É –º–æ–≤—É =)",Dmitry Bulay,2022-10-04T19:47:18Z
7,UgxUEpCsZ1rFRD04wC54AaABAg,ycV6bF_er3c,"–°–ø–∞—Å–∏–±—ñ –≤–µ–ª–∏–∫–µ –∑–∞ –í–∞—à—É –ø—Ä–∞—Ü—é,—à–∞–Ω–æ–≤–Ω–∞ –ø.–¢–µ—Ç—è–Ω–æ !–ú–æ–∂–µ –Ω–µ –≤ —Ç–µ–º—É,–∞–ª–µ –∑–≥–∞–¥–∞–ª–æ—Å—è - —Ç—É—Ä–µ—Ü—å–∫–∏–π —Å–µ—Ä—ñ–∞–ª –ø—Ä–æ –†–æ–∫—Å–æ–ª–∞–Ω—É –º–æ–≥–ª–∞ –¥–∏–≤–∏—Ç–∏—Å—å —Ç—ñ–ª—å–∫–∏ –≤ —É–∫—Ä–∞—ó–Ω—Å—å–∫–æ–º—É –ø–µ—Ä–µ–∫–ª–∞–¥—ñ, –≤ —Ä–æ—Å—ñ–π—Å—å–∫–æ–º—É - –Ω–µ –º–æ–≥–ª–∞ –¥–æ—Å–ª—É—Ö–∞—Ç–∏ –¥–æ –∫—ñ–Ω—Ü—è –Ω–∞–≤—ñ—Ç—å –æ–¥–Ω—É —Ñ—Ä–∞–∑—É.",–ò—Ä–∏–Ω–∞ 1111,2022-10-04T19:43:16Z
8,UgznomVJPjEmo5ZXZ8p4AaABAg,ycV6bF_er3c,"–ö–æ–∂–µ–Ω —Ä–∞–∑ —è–∫ –Ω–µ–º–æ–∂—É –∑–∞—Å–Ω—É—Ç–∏, –∑–≥–∞–¥—É—é –ü'—è—Ç–æ—á–∫—ñ–Ω–∞ —ñ –ø—ñ—Å–µ–Ω—å–∫—É "" —è–∫—â–æ —Ç–∏ –Ω–µ–º–æ–∂–µ—à —Å–ø–∞—Ç—å, —Ç—Ä–µ–±–∞ —ó—Ö –ø–æ—Ä–∞—Ö—É–≤–∞—Ç—å""ü•∞
–ê –≤ –ö–∞–ø—ñ—Ç–æ—à—Ü—ñ —Ç–∞–∫—ñ –≥–∞—Ä–Ω—ñ –≥–æ–ª–æ—Å–∞. –î—É–∂–µ –ª—é–±–ª—é —Ü—ñ –º—É–ª—å—Ç–∏–∫–∏üëçüëçüëç",–¢–µ—Ç—è–Ω–∞ ,2022-10-04T19:42:35Z
9,UgzjRpuFz2uNdje7Z754AaABAg,ycV6bF_er3c,–¥—è–∫—É—é üòÄüòÉüòÑ,–û–ª–µ–≥ –õ–∏—Å–µ—Ü–∫–∏–π,2022-10-04T19:20:10Z
10,UgwNm3FWeVtBjsJll3R4AaABAg,ycV6bF_er3c,–∫–æ—Ç–æ–º–∫–∞ - —Ü–µ —Ç—Ä–µ—à ü§ïü§£,–û–ª—å–≥–∞ –ë–∞—Ä–¥–∞—à,2022-10-04T19:17:59Z
11,UgwMGOwAB9DHIYmIz3x4AaABAg,ycV6bF_er3c,"–í–∞—à—É(—É –≤–∞—Å –Ω–∞ –∫–∞–Ω–∞–ª—ñ) ""–Ñ–Ω–µ—ó–¥—É"" –ø–µ—Ä–µ–¥–∏–≤–∏–ª–∞—Å—å —Ä–∞–∑—ñ–≤ 20)))
–Æ—Ç—é–± –ø—Ä–æ–ø–æ–Ω—É—î, —è –Ω–µ –≤—ñ–¥–º–æ–≤–ª—è—é—Å—å.
–ê –≤–∏ –∑–Ω–∞–ª–∏, —â–æ –ë–æ–≥–¥–∞–Ω–∞ –°—Ç—É–ø–∫—É —Ñ—Ä–∞–Ω—Ü—É–∑–∏ –Ω–∞–∑–Ω–∞—á–∏–ª–∏ –ø–æ—Å–ª–æ–º –∫—É–ª—å—Ç—É—Ä–∏ –£–∫—Ä–∞—ó–Ω–∏ –≤–æ –§—Ä–∞–Ω—Ü—ñ—ó. –î–ª—è –Ω—å–æ–≥–æ —Ü–µ –±—É–ª–∞ –≤–µ–ª–∏–∫–∞ —á–µ—Å—Ç—å. –Ü –≤ —Å–∞–º–æ—ó –§—Ä–∞–Ω—Ü—ñ—ó, –≤—ñ–Ω(–ë–æ–≥–¥–∞–Ω) –±—É–≤ –¥—Ä—É–≥–∏–º –∑–∞ —É—Å—é —ñ—Å—Ç–æ—Ä—ñ—é, –∫–æ–≥–æ –Ω–∞–∑–Ω–∞—á–∏–ª–∏ –Ω–µ –ø–∏—Ç–∞—é—á–∏ —Å–∞–º–æ–≥–æ –Ω–æ–º—ñ–Ω–∞–Ω—Ç–∞.",–ê–Ω–∞—Å—Ç–∞—Å—ñ—è –ù–µ–∫—Ä–∞—Å–æ–≤–∞,2022-10-04T19:08:42Z
12,UgynNoUy-cS51ruDidx4AaABAg,ycV6bF_er3c,"–ß—Ç–æ–±–∏ –≤—Å—î –¥—Ä–∞–∂–∞–ª—ñ,—á—Ç–æ–±–∏ –∑–Ω–µ–≤–∞–∂–∞–ª–∏.",Alex Mandrivnik,2022-10-04T19:08:35Z
13,Ugwxy3SDyozN3HNvulR4AaABAg,ycV6bF_er3c,–ï–Ω–µ–π —ñ –∫–∞—Ç–æ–º–∫–∞. –†–∏–¥–∞—éü§£ü§£ü§£ü§£ü§£,kochany prawdziwy,2022-10-04T19:06:09Z
14,UgwGa25zFG9XcugbQYZ4AaABAg,ycV6bF_er3c,"–º–µ–Ω—ñ –∑–¥–∞—î—Ç—å—Å—è, –ü–µ—Ç—Ä–∏–∫–∞ –ü'—è—Ç–æ—á–∫–∏–Ω–∞ —Å–ø–µ—Ä—à—É —Ä–æ–±–∏–ª–∏ —Ä–æ—Å—ñ–π—Å—å–∫–æ—é, –±–æ —Ç–∞–º –Ω–∞ –¥–∏—Ç—è—á–æ–º—É —Å–∞–¥–æ—á–∫—É –Ω–∞–ø–∏—Å–∞–Ω–æ ""–¥–µ—Ç—Å–∫–∏–π —Å–∞–¥""
–Ω–∞—Å–∫—ñ–ª—å–∫–∏ —è –ø–∞–º'—è—Ç–∞—é, —ñ —Ä–æ—Å—ñ–π—Å—å–∫–∏–π, —ñ —É–∫—Ä–∞—ó–Ω—Å—å–∫–∏–π —Ç–µ–∫—Å—Ç –Ω–∞–ø–∏—Å–∞–Ω—ñ –æ–¥–Ω—ñ—î—é –π —Ç—ñ—î—é –ª—é–¥–∏–Ω–æ—é, —Ç–∏–º –¥–∏–≤–Ω—ñ—à–µ, —â–æ –≤–æ–Ω–∏ –≤–∏–π—à–ª–∏ –Ω–∞—Å—Ç—ñ–ª—å–∫–∏ —Ä—ñ–∑–Ω–∏–º–∏ –∑–∞ –¥—É—Ö–æ–º
—É –ö–∞–ø—ñ—Ç–æ—à–∫–∏, –¥–æ —Ä–µ—á—ñ, –∞–≤—Ç–æ—Ä–∫–∞ —Ç–∞ –∂",Ruslan Vaskov,2022-10-04T19:05:15Z
15,UgwHBbwaPcewO98yvo94AaABAg,ycV6bF_er3c,"–ß—É–¥–æ–≤—ñ –º—É–ª—å—Ç–∏–∫–∏,  –æ—Ä–≥–∞–Ω—ñ—á–Ω—ñ,  –º–µ–ª–æ–¥—ñ–π–Ω—ñ,  —Å–≤—ñ—Ç–ª—ñ...–≤ –ø–µ—Ä–µ–∫–ª–∞–¥–∞—Ö –æ—Å–æ–±–ª–∏–≤–æ –Ω–µ —á—É–ª–∞, –ö–∞–ø—ñ—Ç–æ—à–∫–∞ —Ä–æ—Å—ñ–π—Å—å–∫–æ—é - —Ü–µ –∂–∞—Ö, —è–∫ –Ω–∞—á–µ —á—É–∂–∏–π –º—É–ª—å—Ç, –∞ –≤—ñ–Ω –∂–µ —Ç–∞–∫–∏–π –¥–æ–±—Ä–∏–π, –º–µ–ª–æ–¥—ñ–π–Ω–∏–π, —è—Å–∫—Ä–∞–≤–∏–π. –©–µ –±—É–≤ –≥–∞—Ä–Ω–∏–π –º—É–ª—å—Ç–∏–∫ –ø—Ä–æ 2 –∫—É—Ä—á–∞—Ç  –ö—É–∫—É—Ä—ñ–∫–æ–∫, —è–∫ –≤–æ–Ω–∏ –∂—É—Ä–∞–≤–ª—è —Ä–æ–∑—á–∞—Ä–æ–≤—É–≤–∞–ª–∏, —Ç–æ —Ä–æ—Å—ñ–π—Å—å–∫–∞ –≤–µ—Ä—Å—ñ—è –ø—Ä–æ—Å—Ç–æ –∂–∞—Ö, —è–∫ –≤ –ø—Ä–∏–Ω—Ü–∏–ø—ñ –≤—Å—ñ –ø–µ—Ä–µ–∫–ª–∞–¥–∏ –Ω–∞ —Ä–∞—Å–µ—è–Ω—Å—å–∫—É. –î—è–∫—É—é,  –¢–µ—Ç—è–Ω–∞, —â–æ –ø—Ä–æ–≤–æ–¥–∏—Ç–µ —Ç–∞–∫–∏–π —á—É–¥–æ–≤–∏–π –ª—ñ–∫–±–µ–∑! –ù–∞—Ç—Ö–Ω–µ–Ω–Ω—è —É –º–∞–π–±—É—Ç–Ω—ñ—Ö –≤–∏–∫—Ä–∏—Ç—Ç—è—Ö!",–ï–ª–µ–Ω–∞ –ö–æ–Ω–æ–Ω–æ–≤–∞,2022-10-04T19:03:08Z
16,UgxUSSE7LRXujFDEZER4AaABAg,ycV6bF_er3c,"–ü—Ä–æ  –ü—å—è—Ç–æ—á–∫–∏–Ω–∞ —Ü–µ —á—É–¥–æ–≤–∏–π –º—É–ª—å—Ç–∏–∫, –∞–ª–µ –£–∫—Ä–∞–∏–Ω—å—Å—å–∫–æ—é –≤–∏–Ω –∑–∞—Ö–æ–¥–∏—Ç—å –¥—É–∂–µ –ª–∞–≥–∏–¥–Ω–æ! –î—è–∫—É—é –¢–∞–Ω—é—à–∏ —â–æ –ø–∏–¥–Ω–∏–º–∞–µ –∫—Ä–∏—á—É—â–∏ –¥–ª—è –∫—Ä–∞–∏–Ω–∏ —Ç–µ–º–∏!",–ê–ª–µ–∫—Å–µ–π –ó–∞–≥–æ—Ä—É–π–∫–æ,2022-10-04T18:52:57Z
17,Ugz3wNArRgYw6erVu0V4AaABAg,ycV6bF_er3c,–ß—Ç–æ –≤—ã —Å—É–¥–∏—Ç–µ –ø–æ 91 –≥–æ–¥—É –ª—é–¥–∏ —Ç–æ–ª–∫–æ–º —Å —Ä–æ—Å–∏–π—Å–∫–æ–≥–æ —è—Ä–º–∞ –Ω–µ–≤—ã—à–ª–∏ —Å–∞–º–∏ —Å–∏–¥–∏—Ç–µ –Ω–∞–≤–µ—Ä–Ω–æ–µ –≤ –ø—Ä—è–º–æ–ª–∏–Ω–µ–π–Ω–æ–π —Ö—Ä—É—â—ë–≤–∫–µ –∏ —ç–≤–æ–ª—é—Ü–∏—è –≤–∞—à–µ–π –ø–µ—Ä—Å–æ–Ω—ã –ø–∞—Ç—Ä–∏–æ—Ç–∏—á–µ—Å–∫–æ–π –Ω–µ–ø–æ–∑–≤–æ–ª—è–µ—Ç –≤–∞–º —Ä—É–≥–∞—Ç—å—Å—è –º–∞—Ç–æ–º –∫–∞–∫ –Ω–∞—à–∏ —Å–æ—Å–µ–¥–∏ –≤—ã –¥–∞–ª–µ–∫–æ –æ—Ç –Ω–∏—Ö –Ω–µ—É—à–ª–∏,–≤–∞–ª–µ—Ä–∏–π,2022-10-04T18:49:24Z
18,Ugx-skA7k_iSv4oUdTN4AaABAg,ycV6bF_er3c,–•–∞–¥–∞–∫—ñ –ø—Ä—ñ—à–ª—ñ –∫ –ª–µ–Ω—ñ–Ω—É üòÇ,Nick Woonshpoonsh,2022-10-04T18:36:27Z
19,UgxSkXnasvcAdczYuDR4AaABAg,ycV6bF_er3c,–¶–µ –∫–ª–∞—Å!!! –ù–∞—Ç—Ö–Ω–µ–Ω–Ω—è!!! –ö—Ä–∞—ó–Ω–∞ —Ä–∞–±—ñ–≤ —Å—Ç—Ä–æ–π–æ–≤–∏—Ö. –°–ª–∞–≤–∞ –ó–°–£!!!!,–û–ª–µ–≥ –í–û–ê,2022-10-04T18:33:18Z
20,UgyPaqY5fprbl5-94r94AaABAg,ycV6bF_er3c,–î—è–∫—É—é. –í—ñ–¥–∫—Ä–∏—Ç–∞ —Ç–∞—î–º–Ω–∏—Ü—è —É–∫—Ä–∞—ó–Ω—Å—å–∫–∏—Ö –ø–µ—Ä–µ–∫–ª–∞–¥—ñ–≤ –º.—Ñ. –¢–∞—á–∫–∏ —ñ —Å–µ—Ä—ñ–∞–ª—É –î—Ä—É–∑—ñ. –¶–µ –ø–æ—Ö—ñ–¥–Ω–∏–π –≤–∏—Å–Ω–æ–≤–æ–∫ –∑ –≤—ñ–¥–µ–æ.,Andrii Petrov,2022-10-04T18:32:49Z
21,Ugz111yqtB6kdLYhl594AaABAg,ycV6bF_er3c,"—è –≤ –¥–∏—Ç–∏–Ω—Å—Ç–≤—ñ –∫–∞–ø—ñ—Ç–æ—à–∫—É —ñ –ø'—è—Ç–æ—á–∫—ñ–Ω–∞ –∑–≤—ñ—Å–Ω–æ –¥–∏–≤–∏–≤—Å—è –∑–¥–µ–±—ñ–ª—å—à–æ–≥–æ —Ä—ñ–¥–Ω–æ—é –º–æ–≤–æ—é. –†–æ—Å—ñ–π—Å—å–∫—ñ –ø–µ—Ä–µ–∫–ª–∞–¥–∏ –∑–¥–∞–≤–∞–ª–∏—Å—å —Ç–æ–¥—ñ —Å–∞–º–µ –ø–µ—Ä–µ–∫–ª–∞–¥–∞–º–∏, —Ç–æ–±—Ç–æ –Ω–µ–ø—Ä–∏—Ä–æ–¥–Ω–∏–º–∏. –ê –æ—Ç –≤—Å—é —Ç.–∑–≤. –≤–µ–ª–∏—á ""–≤—î–ª—ñ–∫–æ–≥–æ —Ä—É—Å—Å–∫–æ–≥–æ —è–∑–∏–∫–∞"" —è –≤—ñ–¥—á—É–≤ –∫–æ–ª–∏ –ø—ñ—Å–ª—è —Ä–µ–≥—É–ª—è—Ä–Ω–æ–≥–æ –ø–µ—Ä–µ–∫–ª–∞–¥—É —Ç/—Å ""–ê–ª—å—Ñ"" –≤ —á—É–¥–æ–≤–æ–º—É —É–∫—Ä–∞—ó–Ω—Å—å–∫–æ–º—É –¥—É–±–ª—è–∂—ñ –≤–∏–ø–∞–¥–∫–æ–≤–æ –Ω–∞—Ç—Ä–∞–ø–∏–≤ –≤ —Ç–µ–ª–µ–≤—ñ–∑–æ—Ä—ñ –Ω–∞ –π–æ–≥–æ –∂ –≤ —Ä–æ—Å—ñ–π—Å—å–∫–æ–º—É –≤–∞—Ä—ñ–∞–Ω—Ç—ñ. –Ü —à–æ —è –º–æ–∂—É —Å–∫–∞–∑–∞—Ç–∏, —á—É–¥–æ–≤–∏–π —Å–º—ñ—à–Ω–∏–π —Å–µ—Ä—ñ–∞–ª —Ç–∞–º –ø–µ—Ä–µ—Ç–≤–æ—Ä–∏–≤—Å—è –Ω–∞ —Ç—É–ø—É–≤–∞—Ç–∏–π —Å—ñ—Ç–∫–æ–º —è–∫–∏–π –±—ñ–ª—å—à–µ 5—Ö–≤ –¥–∏–≤–∏—Ç–∏—Å—å –Ω–µ –¥—É–∂–µ —Ü—ñ–∫–∞–≤–æ. 
–° —Ç–æ–≥–æ —á–∞—Å—É —è –∑–∞–≤–∂–¥–∏ –≤—Å—ñ–º –∫–∞–∑–∞–≤ —â–æ –¥–æ —ñ–Ω–æ–∑–µ–º–Ω–∏—Ö —Ñ—ñ–ª—å–º—ñ–≤ —á–∏ –º—É–ª—å—Ç—Ñ—ñ–ª—å–º—ñ–≤ —É–∫—Ä–∞—ó–Ω—Å—å–∫–∏–π –¥—É–±–ª—è–∂ –∑–∞–∑–≤–∏—á–∞–π –∫—Ä–∞—â–µ (—ñ —Ç–æ –ø—ñ–¥—Ç–≤–µ—Ä–¥–∂—É–≤–∞–ª–æ—Å—å –Ω–µ —Ä–∞–∑). –Ø –ø—Ä–∞–≤–¥–∞ —Ç–æ–¥—ñ —Ü–µ –∞—Ä–≥—É–º–µ–Ω—Ç—É–≤–∞–≤ —Ç–∏–º —â–æ —Ä–æ–±–∏—Ç—å –∫–æ–º–∞–Ω–¥–∞ —è–∫–∞ —Å—Ç–∞—Ä–∞—î—Ç—å—Å—è –∑—Ä–æ–±–∏—Ç–∏ –Ω–æ—Ä–º–∞–ª—å–Ω–æ –±–æ —è–≤–Ω–æ –ª—é–±–∏—Ç—å —Å–≤–æ—é —Å–ø—Ä–∞–≤—É, –∞ –Ω–µ –ø—Ä–æ—Å—Ç–æ –≤—ñ–¥—Ä–æ–±–ª—è—î –∑–∞—Ä–ø–ª–∞—Ç—É. –©–æ —Ç–æ –º–æ–∂–µ –±—É—Ç–∏ —ñ–º–∞–Ω–µ–Ω—Ç–Ω–∞ –≤–ª–∞—Å—Ç–∏–≤—ñ—Å—Ç—å –º–æ–≤–∏ —á–∏ –∫—É–ª—å—Ç—É—Ä–∏ - —Ç–æ —è –∑–≤—ñ—Å–Ω–æ –≤ –¥–∏—Ç–∏–Ω—Å—Ç–≤—ñ —Ç–∞–∫ –Ω–µ —Ä–æ–∑–º—ñ—Ä–∫–æ–≤—É–≤–∞–≤. –¢–∞ –π —á–∞—Å–∏ –±—É–ª–∏ —ñ–Ω–∞–∫—à—ñ",Twilight_Sun,2022-10-04T18:32:40Z
22,UgzlX1ijB32aipeHc8R4AaABAg,ycV6bF_er3c,"–ø—Ä–æ –ü–µ—Ç—Ä–∏–∫–∞ –ü'—è—Ç–æ—á–∫—ñ–Ω–∞ –∑–≥–æ–¥–Ω–∞ –Ω–∞ –≤—Å—ñ 100 –≤—ñ–¥—Å–æ—Ç–∫—ñ–≤. 
P.S. –Ø –Ω–∞—Ä–µ—à—Ç—ñ –∑—Ä–æ–∑—É–º—ñ–ª–∞, —á–æ–º—É –≤ —Ä–æ—Å—ñ–π—Å—å–∫–æ–º—É –≤–∞—Ä—ñ–∞–Ω—Ç—ñ —Ü–µ–π –º—É–ª—å—Ç–∏–∫ –Ω—ñ–∫–æ–ª–∏ –Ω–µ —Å–ø—Ä–∞–≤–ª—è–≤ –Ω–∞ –º–µ–Ω–µ –≤—Ä–∞–∂–µ–Ω–Ω—è, –∞ –∫–æ–ª–∏ –ø–æ–±–∞—á–∏–ª–∞ –π–æ–≥–æ —É–∫—Ä–∞—ó–Ω—Å—å–∫–æ—é, —Ç–æ –Ω–∞–≤—ñ—Ç—å —Å–∏–Ω–∞ ''–æ–±–∑–∏–≤–∞–ª–∞'' –ü–µ—Ç—Ä–∏–∫–æ–º –ü'—è—Ç–æ—á–∫—ñ–Ω–∏–º, –±–æ –≤—ñ–Ω –≤ —Å–∞–¥–æ—á–∫—É —ñ –ø–æ—á–∞—Ç–∫–æ–≤—ñ–π —à–∫–æ–ª—ñ –±—É–≤ —Ç–∞–∫–∏–º –∂–µ –∑—à–∏–±–∞–π–≥–æ–ª–æ–≤–æ—é. 
–î—è–∫—É—é –∑–∞ –≤–∞—à—É —Ü—ñ–∫–∞–≤—É –∞–Ω–∞–ª—ñ—Ç–∏–∫—É!",Okcana Tkachenko,2022-10-04T18:31:55Z
23,UgzRVBvZ3UlIzX-jBuB4AaABAg,ycV6bF_er3c,"–¢–∞–Ω—é, —Ç–∞–∫—É –ø—ñ—Å–µ–Ω—å–∫—É –ø—É–π–ª–æ–º –∑—ñ–ø—Å—É–≤–∞–ª–∏! ;)",Okcana Tkachenko,2022-10-04T18:24:07Z
24,UgxfA0KJm79zgRtaHZx4AaABAg,ycV6bF_er3c,üëçüëçüëçü´∂ü´∂ü´∂,–í—ñ–∫—Ç–æ—Ä –í–æ–∑—ñ—è–Ω,2022-10-04T18:23:34Z
25,Ugy3616PFW4JTfiEMnZ4AaABAg,ycV6bF_er3c,"–£–∫—Ä–∞—ñ–Ω—Å—å–∫–æ—é - –õ–Ü–ö–ê–†–ù–Ø . –†–æ—Å—ñ–π—Å—å–∫–æ—é ( –ø—Å–Ñ—á–æ—é –º–æ–≤–æ—é ) - –ë–û–õ–¨–ù–ò–¶–ê , –≤—ñ–¥ —Å–ª–æ–≤–∞ –ë–û–õ–¨ ...—ñ —Ç–∞–∫ —É –Ω–∏—Ö –≤—Å–µ –ø–æ–±—É–¥–æ–≤–∞–Ω–æ",olga giz,2022-10-04T18:09:56Z
26,UgxsplWfy4CdUOpqmhJ4AaABAg,ycV6bF_er3c,–ë—Ä–∞–≤–æ!!!,–£–∫—Ä–∞—ó–Ω—Å—å–∫–∞ –∫–≤—ñ—Ç–∫–∞,2022-10-04T18:05:38Z
27,UgxulxZHo5DpwmcUl1R4AaABAg,ycV6bF_er3c,"–ö–∞–ø—ñ—Ç–æ—à–∫–∞ –∑ –ø—ñ—Å–Ω–µ—é –ø—Ä–æ ""pu–πlo"" - –º—ñ–π —Ç–æ–ø—á–∏–∫ –Ω–∞ —Å—å–æ–≥–æ–¥–Ω—ñ ‚ù§",Iryna Bahinska,2022-10-04T17:59:03Z
28,Ugyf3yAxCwXCsMfMjx54AaABAg,ycV6bF_er3c,"–î—É–∂–µ ""—è–∫—ñ—Å–Ω–∏–π"" –±—É–≤ –ø–µ—Ä–µ–∫–ª–∞–¥ –º–æ—Å–∫–æ–≤–∏—Ç—ñ–≤.",–ö—ñ–±–µ—Ä—Ç—Ä–æ–Ω—Å—å–∫—ñ–π –∞–∫–≤–∞—Ä—ñ—É–º,2022-10-04T17:57:55Z
29,Ugz68PEAwsdt-0-4Ac94AaABAg,ycV6bF_er3c,–î—è–∫—É–≤–∞—Ç–∏ –∑–∞ –ø—Ä–∞—Ü—é,–í–∞–ª—î—Ä–æ,2022-10-04T17:56:02Z
30,Ugz_opCqux9YuNlP3k14AaABAg,ycV6bF_er3c,–©–∏—Ä–æ –¥—è–∫—É—é! –Ü –¥–æ–¥–∞—é —Å–≤—ñ–π –∫–æ–º–µ–Ω—Ç–∞—Ä –Ω–∞ –ø—ñ–¥—Ç—Ä–∏–º–∫—É —É–∫—Ä–∞—ó–Ω–æ–º–æ–≤–Ω–æ–≥–æ –∫–æ–Ω—Ç–µ–Ω—Ç—É! üíôüíõ,Anastasia Riznyk,2022-10-04T17:43:17Z
31,Ugye0V3Nc_tOdq80qHN4AaABAg,ycV6bF_er3c,–¢–∏—Ç—Ä–∏ —É –º—É–ª—å—Ç–∏–≤—Å–µ—Å–≤—ñ—Ç—ñ –Ω–µ—Ä–µ–∞–ª—å–Ω–æ—Å—Ç—ñ.,–ú—ñ—à–∞ –Ü–ª—å–Ω–∏—Ü—å–∫–∏–π,2022-10-04T17:40:54Z
32,Ugy_cA1m5qKSSIxlQLR4AaABAg,ycV6bF_er3c,–¢–µ–ª–µ—Å–µ—Ä—ñ–∞–ª –ê–ª—å—Ñ –£–∫—Ä–∞—ó–Ω—Å—å–∫–æ—éüëç,IGOR (SLIPKO),2022-10-04T17:38:09Z
33,UgxeMO0EuvI3fSZEl8Z4AaABAg,ycV6bF_er3c,"–®–∞–Ω–æ–≤–Ω–∞ –¢–µ—Ç—è–Ω–æ,—É –≤–∞—Å –ø—Ä–µ–∫—Ä–∞—Å–Ω–µ –≤—ñ–¥—á—É—Ç—Ç—è –º–æ–≤–∏! –¶—ñ–ª–∫–æ–º –ø–æ–≥–æ–¥–∂—É—é—Å—å –∑ –≤–∞–º–∏ - —É–∫—Ä–∞—ó–Ω—Å—å–∫–∞ –º–æ–≤–∞ –±–∞–≥–∞—Ç—ñ—à–∞,–ø–µ—Ä–µ–¥–∞—î –±—ñ–ª—å—à—É –ø–∞–ª—ñ—Ç—Ä—É –≤—ñ–¥—Ç—ñ–Ω–∫—ñ–≤,–Ω—é–∞–Ω—Å—ñ–≤,–∑–º—ñ—Å—Ç—É!–ê –≤—Å–µ —Ä—É—Å—å–∫–µ - —Ö—É–π–Ω—è, –ª–∞–π–Ω–æ,–±–ª—é–≤–æ—Ç–∏–Ω–Ω—è!",–û–ª—å–≥–∞ –ì–ª–∞–¥–∫–∏—Ö,2022-10-04T17:34:00Z
34,Ugyvf8tTu-8kRF7mT7Z4AaABAg,ycV6bF_er3c,"–î—è–∫—É—é —Ç–æ–±—ñ –ë–æ–∂–µ, —â–æ –Ω–µ –¥–∏–≤–ª—è—á–∏—Å—å –Ω–∞ —Ç–µ, —â–æ —è  –Ω–∞—Ä–æ–¥–∏–ª–∞—Å—è –≤ —Å–∞–º–∏–π —Ä–æ–∑–∫–≤—ñ—Ç —Å–æ–≤–∫–∞, –≤ –ø–æ–≤–Ω—ñ—Å—Ç—é —Ä—É—Å–∏—Ñ—ñ–∫–æ–≤–∞–Ω–æ–º—É –º—ñ—Å—Ç—ñ, –¥–µ –Ω–µ –±—É–ª–æ –∂–æ–¥–Ω–æ—ó —É–∫—Ä–∞—ó–Ω—Å—å–∫–æ—ó —à–∫–æ–ª–∏, —Ç–∏ –º–µ–Ω–µ —É–±–µ—Ä—ñ–≥ –≤—ñ–¥ ""–ö–∞–ø—ñ—Ç–æ—à–∫–∏"" —Ä–æ—Å—ñ–π—Å—å–∫–æ—é. –¶–µ –ø—Ä–æ—Å—Ç–æ —è–∫–∏–π—Å—å –∂–∞—Ö.",Anna Chern,2022-10-04T17:32:41Z
35,UgzcyRqaydGo9a1FycJ4AaABAg,ycV6bF_er3c,–ë–∞–∂–∞—é –∑–¥–æ—Ä–æ–≤'—è—á–∫–∞ –≤—Å—ñ–º —É–∫—Ä–∞—ó–Ω—Ü—è–º —ñ —É–∫—Ä–∞—ó–Ω–æ—á–∫–∞–ºüíóü§ó,–Æ–ª–∏—è –õ—ã–º–∞—Ä—å,2022-10-04T17:26:37Z
36,Ugx02nGu3Baqznt4Irl4AaABAg,ycV6bF_er3c,"–¢–æ ,–º–∞–±—É—Ç—å, —ñ –≤—Å—ñ —Ä–æ—Å.–ø—ñ—Å–Ω—ñ,—è–∫—â–æ —ó—Ö –ø—Ä–æ–∞–Ω–∞–ª—ñ–∑—É–≤–∞—Ç–∏, —î  –Ω–∞–±–æ—Ä–æ–º —Å–ª—ñ–≤ –ø—Ä–æ—Å—Ç–∏—Ö –¥–æ —Ç–∞–∫–æ—ó —Å—Ç–µ–ø–µ–Ω—ñ,—â–æ –ª–µ–≥–∫–æ –∑–∞–ø–æ–º–∏–Ω–∞—é—Ç—å—Å—è –ø—Ä–æ—Å—Ç–∏–º–∏ –ª—é–¥—å–º–∏,–∞ —Ç–æ–º—É —ñ –∫—Ä—Ä–∏—Å—Ç—É—é—Ç—å—Å—è –ø–æ–ø–∏—Ç–æ–º —Å–µ—Ä–µ–¥ —Ç–∞–∫–∏—Ö –ø—Ä–æ—Å—Ç–∏—Ö –ª—é–¥–µ–π,–±–æ –Ω–µ –¥–ª—è –Ω–∏—Ö –≤–∏—Å–æ–∫–µ...",Lubov Horbach,2022-10-04T17:09:41Z
37,UgwdH46NliNIAxRJRJR4AaABAg,ycV6bF_er3c,–£–ª—é–±–ª–µ–Ω—ñ –º—É–ª—å—Ç—Ñ—ñ–ª—å–º–∏!,–û–ª—å–≥–∞ –ì–µ—Ä–∞—Å–∏–º—é–∫,2022-10-04T17:07:57Z
38,UgzHv180oMfPRKQS6A94AaABAg,ycV6bF_er3c,–ê–∞–∞–∞–∞))))),Ahr Ahr,2022-10-04T17:05:23Z
39,UgwTeudMchWgRm0Xg-V4AaABAg,ycV6bF_er3c,–î—è–∫—É—é  !     –°–ª–∞–≤–∞ –£–∫—Ä–∞—ó–Ω—ñ !  –ì–µ—Ä–æ—è–º –°–ª–∞–≤–∞  !  –ó–°–£ –Ω–∞–π–∫—Ä–∞—â—ñ  ! üíôüíõüåº,Inna Chery,2022-10-04T17:04:55Z
40,UgwJY_zrq2UYXqkLKLZ4AaABAg,ycV6bF_er3c,"–ù–∞–≤—ñ—Ç—å –Ω–µ –ø—ñ–¥–æ–∑—Ä—é–≤–∞–≤, —â–æ —É ""–ü'—è—Ç–æ—á–∫—ñ–Ω–∞"" —Ç–∞ ""–ö–∞–ø—ñ—Ç–æ—à–∫–∏"" —î –≤–µ—Ä—Å—ñ—ó –±—Ä—É–¥–Ω–æ–¥—É–ø–æ—é –º–æ–≤–æ—é",MrStekolshik,2022-10-04T16:57:12Z
41,UgyNtCoOQWD4NVJlItF4AaABAg,ycV6bF_er3c,"–Ø, —Ü–µ–π –µ—Ç–µ—Ä –ø—Ä–æ –º—É–ª—å—Ç–∏–∫–∏, –ø–µ—Ä–µ–¥–∏–≤–∏–ª–∞—Å—å —Ä–∞–∑—ñ–≤ –ø‚Äò—è—Ç—å. –Ø–∫–∞ —Ä–∞–∑—é—á–∞ —Ä—ñ–∑–Ω–∏—Ü—è –≤ –ø–µ—Ä–µ–∫–ª–∞–¥–∞—Ö. –°–ø–æ–¥—ñ–≤–∞—é—Å—å —Å–∫–æ—Ä–æ –ø–æ–±–∞—á–∏—Ç–∏ –Ω–æ–≤—ñ –µ—Ç–µ—Ä–∏.  –ó–¥–æ—Ä–æ–≤‚Äò—è –ø–∞–Ω—ñ –¢–µ—Ç—è–Ω—ñ —ñ —Å–∏–Ω–æ—á–∫–æ–≤—ñ‚ù§‚ù§‚ù§",–ì–∞–ª–∏–Ω–∞ –°—Ç—Ä—É–∫,2022-10-04T16:50:01Z
42,UgwPs2gp_3XzCOGITh54AaABAg,ycV6bF_er3c,"7-8
–¢–∞–∫–µ —Å–æ–±—ñ üëâüëà",–í–ª–∞–¥–∏–∫ –°–ö–Ü–§,2022-10-04T16:44:20Z
43,UgzO06N-zE7ImKD13Wh4AaABAg,ycV6bF_er3c,–¢–∏—Ç—Ä–∏ —Ç–∏—Ç—Ä—É—é—Ç—åüòÅüôÉ,Julia Bilan,2022-10-04T16:43:24Z
44,UgyttbzJQxCbVkt8r8Z4AaABAg,ycV6bF_er3c,"–î—É–∂–µ –¥—è–∫—É—é, –≤–∞–∂–ª–∏–≤—É —Ä–æ–±–æ—Ç—É —Ä–æ–±–∏—Ç–µ.",–°–µ—Ä–≥—ñ–π –ü–æ–∫–∞—Ä–µ—Ü—å,2022-10-04T16:42:29Z
45,UgwmJphju0K5j5vaL454AaABAg,ycV6bF_er3c,–û—Ç–ø–µ—Ç—ñ—Ö —Å–º—É–≥–ª—ñ—Ö –æ–±–æ—Ä–≤–∞–Ω—Ü–µ–≤üòÄüòÄüòÄüòÄüòÄüòÄ,Troll Quantum,2022-10-04T16:38:53Z
46,UgzYoh50m3HnUKekW1B4AaABAg,ycV6bF_er3c,–ü'—è—Ç—å —Å–ª—ñ–≤ –¥–ª—è –ø—ñ–¥–Ω—è—Ç—Ç—è —Ä–µ–π—Ç–∏–Ω–≥—É,Troll Quantum,2022-10-04T16:37:57Z
47,UgygQZdCYK3zVIxpuip4AaABAg,ycV6bF_er3c,"–ü—Ä–æ —Ä–æ—Å—ñ–π—Å—å–∫–∏–π –≤–∞—Ä—ñ–∞–Ω—Ç –ü–µ—Ç—Ä–∏–∫–∞ —Ç–∞ –ö–∞–ø—ñ—Ç–æ—à–∫–∏ –¥—ñ–∑–Ω–∞–ª–∞—Å—è —Ç—ñ–ª—å–∫–∏,–∫–æ–ª–∏ —Å—Ç–∞–ª–∞ –º–∞–º–æ—é. –¶–µ –∂–∞—Ö! ü§¶",Cgenybr999 Dask,2022-10-04T16:37:08Z
48,UgyHskCTNGDXfPwt2SR4AaABAg,ycV6bF_er3c,"–Ü –º–µ–Ω—ñ –¥—É–∂–µ –ø–æ–¥–æ–±–∞–≤—Å—è –º—É–ª—å—Ç–∏–∫ –ø—Ä–æ –∫—É—Ä—á–∞—Ç–∫–æ –≤ –∫–ª—ñ—Ç–∏–Ω–æ—á–∫—É. –í–∑–∞–≥–∞–ª—ñ, –Ω–∞—à—ñ –º—É–ª—å—Ç–∏–∫–∏ —Ä–æ—Å—ñ–π—Å—å–∫–æ—é  - —Ü–µ –¥—ñ–π—Å–Ω–æ –≥–∏–¥–æ—Ç–Ω–æ.",–ù—ñ–Ω–∞ –ê–º–µ–ª—å—á–µ–≤–∞,2022-10-04T16:36:55Z
49,Ugwod48c8I9qWoIPBQZ4AaABAg,ycV6bF_er3c,–ü–æ—Ç—É—Ö–∞–≤ –Ω–∞–¥ —Ä—É—Å—Å–∫—ñ–º –ø–µ—Ä–µ–∫–ª–∞–¥–æ–º —É—Å–µ –≤—ñ–¥–µ–æ üòÖüòÅ–î—è–∫—É—é –∑–∞ —Ç–∞–∫–∏–π –∫–æ–Ω—Ç–µ–Ω—Ç,My Dreams,2022-10-04T16:33:57Z
50,UgyQGB_Xfro_UwT85wl4AaABAg,ycV6bF_er3c,"–¶—ñ–∫–∞–≤–æ –ø—Ä–æ –ø–µ—Ä–µ–∫–ª–∞–¥–∏ —Ä–æ—Å–ø–∏—Å—å–º–µ–Ω—ñ–≤ –∑ —É–∫—Ä–∞—ó–Ω—Å—å–∫–æ—ó —î —É –ö–æ—Ä–Ω—ñ—è –ß—É–∫–æ–≤—Å—å–∫–æ–≥–æ –≤ —Å–ø–æ–≥–∞–¥–∞—Ö, —è–∫–∏–π —Ä–µ—Ü–µ–Ω–∑—É–≤–∞–≤ —Ç—É –≥–∏–¥–æ—Ç–Ω—É –ø—Ä–∞—Ü—é.",Victor Cool,2022-10-04T16:33:13Z
51,UgzciEtbbncp9w0mJ8N4AaABAg,ycV6bF_er3c,–î–Ø–ö–£–Æ!),–ù–∞—Ç–∞–ª—è –ú–µ–ª—å–Ω–∏–∫,2022-10-04T16:32:47Z
52,Ugz9M8CavD9a5SDv9Tp4AaABAg,ycV6bF_er3c,–ü—Ä–∏ –Ω–∞–≥–æ–¥—ñ —Ö–æ—á—É —Å–∫–∞–∑–∞—Ç–∏ - –ì–µ—Ç—å –ê–±–¥—Ä–∏—Å—Ç–æ–≤–∏—á–∞ –∑ –º–µ–¥—ñ–∞–ø—Ä–æ—Å—Ç–æ—Ä—É!,Admin,2022-10-04T16:32:26Z
53,Ugwvizc6p2potC6Bbg14AaABAg,ycV6bF_er3c,"–î—è–∫—É—é –∑–∞ –∫–æ–Ω—Ç–µ–Ω—Ç, —Ü–µ —Ç–æ–ø, —Ç—Ä–µ —â–µ!",Mykhailo Parovyi,2022-10-04T16:32:04Z
54,UgxOP-pVdY5hrOG2m4V4AaABAg,ycV6bF_er3c,"–ó–Ω–æ–≤—É –∑–∞–ø—ñ–∑–Ω–∏–≤—Å—è –Ω–∞ –∫—ñ–ª—å–∫–∞ —Ö–≤–∏–ª–∏–Ω. –ú—ñ–π –ª–∞–π–∫ —Ç—ñ–ª—å–∫–∏ –¥—Ä—É–≥–∏–π.
–î—è–∫—É—é, ""Ragulivna""!",Ukraine. A Reminder!,2022-10-04T16:31:35Z
55,UgyTS3--UY-3LoNIbyt4AaABAg,ycV6bF_er3c,–°–ø–∞—Å–∏–±—ñ ‚ù§Ô∏èüñ§,Mukhailo Bushtyn Íë≠,2022-10-04T16:27:30Z
56,UgyDieYDlTye3TkmjF94AaABAg,ycV6bF_er3c,–î—è–∫—É—é üíôüíõ,Mukhailo Bushtyn Íë≠,2022-10-04T16:27:21Z
57,Ugzds5TDhCVVmZLR-nx4AaABAg,ycV6bF_er3c,–õ–∞–π–∫ –∑–∞ –í–∞—à—É —Ä–æ–±–æ—Ç—É..,–Ω–∞—Ç–∞–ª—è –≥–æ—Ä–¥—ñ–π—á—É–∫,2022-10-04T16:25:34Z
58,Ugz0lDNU8N91GUwclAF4AaABAg,ycV6bF_er3c,"–õ–∞–π–∫ –∑—Ä–∞–∑—É, –º—ñ–π –ø–µ—Ä—à–∏–π )))",–°–µ—Ä–≥–µ–π –ú–æ—Ä–æ–∑–æ–≤,2022-10-04T16:18:52Z
59,UgyTkMa3kOuUfca5km14AaABAg,ycV6bF_er3c,–ù–∞–≤—ñ—â–æ –Ω–∞–º —Ç—É—Ä–±—É–≤–∞—Ç–∏—Å—è –ø—Ä–æ —Ä–æ—Å—ñ–π—Å—å–∫–∏–π –ø–µ—Ä–µ–∫–ª–∞–¥?,just1ooking,2022-10-04T16:18:23Z
